An Giang,https://nchmf.gov.vn/kttv/vi-VN/1/long-xuyen-an-giang-w58.html
Bà Rịa - Vũng Tàu,https://nchmf.gov.vn/kttv/vi-VN/1/vung-tau-tp-ho-chi-minh-w31.html
Bắc Giang,https://nchmf.gov.vn/kttv/vi-VN/1/bac-giang-bac-ninh-w46.html
Bắc Kạn,https://nchmf.gov.vn/kttv/vi-VN/1/bac-kan-thai-nguyen-w52.html
Bắc Liêu,https://nchmf.gov.vn/kttv/vi-VN/1/bac-lieu-ca-mau-w29.html
Bắc Ninh,https://nchmf.gov.vn/kttv/vi-VN/1/kinh-bac-bac-ninh-w47.html
Bến Tre,https://nchmf.gov.vn/kttv/vi-VN/1/ben-tre-vinh-long-w24.html
Bình Dương,https://nchmf.gov.vn/kttv/vi-VN/1/binh-duong-tp-ho-chi-minh-w16.html
Bình Định,https://nchmf.gov.vn/kttv/vi-VN/1/quy-nhon-gia-lai-w56.html
Bình Thuận,https://nchmf.gov.vn/kttv/vi-VN/1/phan-thiet-lam-dong-w10.html
Cà Mau,https://nchmf.gov.vn/kttv/vi-VN/1/tan-thanh-ca-mau-w42.html
Cần Thơ,https://nchmf.gov.vn/kttv/vi-VN/1/ninh-kieu-tp-can-tho-w26.html
Cao Bằng,https://nchmf.gov.vn/kttv/vi-VN/1/thuc-phan-cao-bang-w49.html
Đà Nẵng,https://nchmf.gov.vn/kttv/vi-VN/1/hai-chau-tp-da-nang-w55.html
Đắk Lắk,https://nchmf.gov.vn/kttv/vi-VN/1/buon-ma-thuot-dak-lak-w13.html
Đắk Nông,https://nchmf.gov.vn/kttv/vi-VN/1/bac-gia-nghia-lam-dong-w39.html
Điện Biên,https://nchmf.gov.vn/kttv/vi-VN/1/muong-thanh-dien-bien-w38.html
Đồng Nai,https://nchmf.gov.vn/kttv/vi-VN/1/bien-hoa-dong-nai-w32.html
Đồng Tháp,https://nchmf.gov.vn/kttv/vi-VN/1/cao-lanh-dong-thap-w22.html
Gia Lai,https://nchmf.gov.vn/kttv/vi-VN/1/pleiku-gia-lai-w12.html
Hà Giang,https://nchmf.gov.vn/kttv/vi-VN/1/ha-giang-tuyen-quang-w36.html
Hà Nam,https://nchmf.gov.vn/kttv/vi-VN/1/phu-ly-ninh-binh-w20.html
Hà Nội,https://nchmf.gov.vn/kttv/vi-VN/1/hoan-kiem-tp-ha-noi-w28.html
Hà Tĩnh,https://nchmf.gov.vn/kttv/vi-VN/1/thanh-sen-ha-tinh-w4.html
Hải Dương,https://nchmf.gov.vn/kttv/vi-VN/1/hai-duong-tp-hai-phong-w19.html
Hải Phòng,https://nchmf.gov.vn/kttv/vi-VN/1/le-chan-tp-hai-phong-w54.html
Hậu Giang,https://nchmf.gov.vn/kttv/vi-VN/1/soc-trang-tp-can-tho-w27.html
Hòa Bình,https://nchmf.gov.vn/kttv/vi-VN/1/hoa-binh-phu-tho-w2.html
Hưng Yên,https://nchmf.gov.vn/kttv/vi-VN/1/pho-hien-hung-yen-w33.html
Khánh Hòa,https://nchmf.gov.vn/kttv/vi-VN/1/nha-trang-khanh-hoa-w9.html
Kiên Giang,https://nchmf.gov.vn/kttv/vi-VN/1/rach-gia-an-giang-w41.html
Kon Tum,https://nchmf.gov.vn/kttv/vi-VN/1/kon-tum-quang-ngai-w11.html
Lai Châu,https://nchmf.gov.vn/kttv/vi-VN/1/tan-phong-lai-chau-w64.html
Lâm Đồng,https://nchmf.gov.vn/kttv/vi-VN/1/xuan-huong-da-lat-lam-dong-w14.html
Lạng Sơn,https://nchmf.gov.vn/kttv/vi-VN/1/luong-van-tri-lang-son-w48.html
Lào Cai,https://nchmf.gov.vn/kttv/vi-VN/1/lao-cai-lao-cai-w37.html
Long An,https://nchmf.gov.vn/kttv/vi-VN/1/long-an-tay-ninh-w21.html
Nam Định,https://nchmf.gov.vn/kttv/vi-VN/1/nam-dinh-ninh-binh-w34.html
Nghệ An,https://nchmf.gov.vn/kttv/vi-VN/1/truong-vinh-nghe-an-w3.html
Ninh Bình,https://nchmf.gov.vn/kttv/vi-VN/1/hoa-lu-ninh-binh-w17.html
Ninh Thuận,https://nchmf.gov.vn/kttv/vi-VN/1/phan-rang-khanh-hoa-w60.html
Phú Thọ,https://nchmf.gov.vn/kttv/vi-VN/1/viet-tri-phu-tho-w43.html
Phú Yên,https://nchmf.gov.vn/kttv/vi-VN/1/tuy-hoa-dak-lak-w59.html
Quảng Bình,https://nchmf.gov.vn/kttv/vi-VN/1/dong-hoi-quang-tri-w5.html
Quảng Nam,https://nchmf.gov.vn/kttv/vi-VN/1/tam-ky-tp-da-nang-w62.html
Quảng Ngãi,https://nchmf.gov.vn/kttv/vi-VN/1/cam-thanh-quang-ngai-w8.html
Quảng Ninh,https://nchmf.gov.vn/kttv/vi-VN/1/ha-long-quang-ninh-w63.html
Quảng Trị,https://nchmf.gov.vn/kttv/vi-VN/1/quang-tri-quang-tri-w6.html
Sóc Trăng,https://nchmf.gov.vn/kttv/vi-VN/1/soc-trang-tp-can-tho-w27.html
Sơn La,https://nchmf.gov.vn/kttv/vi-VN/1/to-hieu-son-la-w45.html
Tây Ninh,https://nchmf.gov.vn/kttv/vi-VN/1/tay-ninh-tay-ninh-w35.html
Thái Bình,https://nchmf.gov.vn/kttv/vi-VN/1/thai-binh-hung-yen-w18.html
Thái Nguyên,https://nchmf.gov.vn/kttv/vi-VN/1/phan-dinh-phung-thai-nguyen-w51.html
Thanh Hóa,https://nchmf.gov.vn/kttv/vi-VN/1/hac-thanh-thanh-hoa-w61.html
Thừa Thiên - Huế,https://nchmf.gov.vn/kttv/vi-VN/1/thuan-hoa-tp-hue-w7.html
Tiền Giang,https://nchmf.gov.vn/kttv/vi-VN/1/my-tho-dong-thap-w23.html
TP. Hồ Chí Minh,https://nchmf.gov.vn/kttv/vi-VN/1/sai-gon-tp-ho-chi-minh-w15.html
Trà Vinh,https://nchmf.gov.vn/kttv/vi-VN/1/tra-vinh-vinh-long-w25.html
Tuyên Quang,https://nchmf.gov.vn/kttv/vi-VN/1/minh-xuan-tuyen-quang-w50.html
Vĩnh Long,https://nchmf.gov.vn/kttv/vi-VN/1/long-chau-vinh-long-w57.html
Vĩnh Phúc,https://nchmf.gov.vn/kttv/vi-VN/1/vinh-phuc-phu-tho-w44.html
Yên Bái,https://nchmf.gov.vn/kttv/vi-VN/1/yen-bai-lao-cai-w53.html