{
    "https://nchmf.gov.vn/kttv/vi-VN/1/tan-phong-lai-chau-w64.html": {
        "lat": 22.3893404,
        "lon": 103.4662328,
        "display_name": "Tân Phong, Lai Châu, Phường Tân Phong, Tỉnh Lai Châu, Việt Nam"
    },
    "https://nchmf.gov.vn/kttv/vi-VN/1/muong-thanh-dien-bien-w38.html": {
        "lat": 21.4005302,
        "lon": 103.0229768,
        "display_name": "Petro Vietnam, Đường Võ Nguyên Giáp, Tân Thanh, Điện Biên Phủ, Phường Điện Biên Phủ, Tỉnh Điện Biên, 32000, Việt Nam"
    },
    "https://nchmf.gov.vn/kttv/vi-VN/1/to-hieu-son-la-w45.html": {
        "lat": 21.3264066,
        "lon": 103.9245159,
        "display_name": "Phường Tô Hiệu, Tỉnh Sơn La, Việt Nam"
    },
    "https://nchmf.gov.vn/kttv/vi-VN/1/hoa-binh-phu-tho-w2.html": {
        "lat": 20.7090533,
        "lon": 105.2576439,
        "display_name": "Tỉnh Hòa Bình, Tỉnh Phú Thọ, Việt Nam"
    },
    "https://nchmf.gov.vn/kttv/vi-VN/1/lao-cai-lao-cai-w37.html": {
        "lat": 22.4598326,
        "lon": 103.9930709,
        "display_name": "Công ty TNHH MTV Apatit Việt Nam, Bắc Cường, Phường Cam Đường, Tỉnh Lào Cai, Việt Nam"
    },
    "https://nchmf.gov.vn/kttv/vi-VN/1/yen-bai-lao-cai-w53.html": {
        "lat": 21.7213667,
        "lon": 104.9143804,
        "display_name": "Agribank, Nguyễn Văn Cừ, Đồng Tâm, Yên Bái, Phường Yên Bái, Tỉnh Lào Cai, Việt Nam"
    },
    "https://nchmf.gov.vn/kttv/vi-VN/1/ha-giang-tuyen-quang-w36.html": {
        "lat": 22.830054,
        "lon": 104.9827224,
        "display_name": "Agribank, Đường Trần Hưng Đạo, Phường Hà Giang 1, Tỉnh Tuyên Quang, 20152, Việt Nam"
    },
    "https://nchmf.gov.vn/kttv/vi-VN/1/minh-xuan-tuyen-quang-w50.html": {
        "lat": 22.8245841,
        "lon": 104.9865373,
        "display_name": "Sun Ha Giang Hostel & M.Hung vietnam tourism, Đường Nguyễn Văn Cừ, Trần Phú, Phường Hà Giang 2, Tỉnh Tuyên Quang, 20152, Việt Nam"
    },
    "https://nchmf.gov.vn/kttv/vi-VN/1/bac-kan-thai-nguyen-w52.html": {
        "lat": 22.2728552,
        "lon": 105.8564601,
        "display_name": "Tỉnh Bắc Kạn, Tỉnh Thái Nguyên, 23000, Việt Nam"
    },
    "https://nchmf.gov.vn/kttv/vi-VN/1/phan-dinh-phung-thai-nguyen-w51.html": {
        "lat": 21.5873786,
        "lon": 105.840539,
        "display_name": "Phường Phan Đình Phùng, Thái Nguyên, Tỉnh Thái Nguyên, Việt Nam"
    },
    "https://nchmf.gov.vn/kttv/vi-VN/1/viet-tri-phu-tho-w43.html": {
        "lat": 21.3178347,
        "lon": 105.4386546,
        "display_name": "Nhà máy Nước, Đường Âu Cơ, Việt Trì, Phường Thanh Miếu, Tỉnh Phú Thọ, 35100, Việt Nam"
    },
    "https://nchmf.gov.vn/kttv/vi-VN/1/vinh-phuc-phu-tho-w44.html": {
        "lat": 21.2356809,
        "lon": 105.7210177,
        "display_name": "Honda Vietnam Company Ltd, Đường Hai Bà Trưng, Phúc Yên, Phường Phúc Yên, Tỉnh Phú Thọ, 84211, Việt Nam"
    },
    "https://nchmf.gov.vn/kttv/vi-VN/1/thuc-phan-cao-bang-w49.html": {
        "lat": 22.665712,
        "lon": 106.2604127,
        "display_name": "BIDV, QL.3, Tổ dân phố Hợp Giang 12, Phường Thục Phán, Tỉnh Cao Bằng, 27000, Việt Nam"
    },
    "https://nchmf.gov.vn/kttv/vi-VN/1/luong-van-tri-lang-son-w48.html": {
        "lat": 22.0545154,
        "lon": 106.613791,
        "display_name": "Lương Văn Tri, Na Sầm, Xã Na Sầm, Tỉnh Lạng Sơn, Việt Nam"
    },
    "https://nchmf.gov.vn/kttv/vi-VN/1/ha-long-quang-ninh-w63.html": {
        "lat": 20.953209,
        "lon": 107.0551704,
        "display_name": "BIDV, Đường Võ Nguyên Giáp, Phường Bãi Cháy, Tỉnh Quảng Ninh, 01000, Việt Nam"
    },
    "https://nchmf.gov.vn/kttv/vi-VN/1/bac-giang-bac-ninh-w46.html": {
        "lat": 21.272132,
        "lon": 106.2050983,
        "display_name": "VietNam MapInfo, 76C4+V25, Hùng Vương, Hoàng Văn Thụ, Phường Bắc Giang, Tỉnh Bắc Ninh, 26000, Việt Nam"
    },
    "https://nchmf.gov.vn/kttv/vi-VN/1/kinh-bac-bac-ninh-w47.html": {
        "lat": 21.1797658,
        "lon": 106.0599166,
        "display_name": "Agribank, 81, Đường Nguyễn Du, Ninh Xá 1, Phường Kinh Bắc, Bắc Ninh, Tỉnh Bắc Ninh, Việt Nam"
    },
    "https://nchmf.gov.vn/kttv/vi-VN/1/le-chan-tp-hai-phong-w54.html": {
        "lat": 20.8495984,
        "lon": 106.6721443,
        "display_name": "Agribank, Ngõ Thớt, Phường Lê Chân, Thành phố Hải Phòng, 18000, Việt Nam"
    },
    "https://nchmf.gov.vn/kttv/vi-VN/1/hoan-kiem-tp-ha-noi-w28.html": {
        "lat": 21.0271958,
        "lon": 105.8565753,
        "display_name": "Ngân hàng Nhà nước Việt Nam, 49, Phố Lý Thái Tổ, Phường Hoàn Kiếm, Thành phố Hà Nội, 10063, Việt Nam"
    },
    "https://nchmf.gov.vn/kttv/vi-VN/1/hai-duong-tp-hai-phong-w19.html": {
        "lat": 16.0639955,
        "lon": 108.2209238,
        "display_name": "Agribank, Đường Lê Hồng Phong, Phước Ninh, Phường Hải Châu, Thành phố Đà Nẵng, 02363, Việt Nam"
    },
    "https://nchmf.gov.vn/kttv/vi-VN/1/pho-hien-hung-yen-w33.html": {
        "lat": 20.6622657,
        "lon": 106.0578407,
        "display_name": "Agribank, 304, Đường Nguyễn Văn Linh, Hiến Nam, Phường Phố Hiến, Tỉnh Hưng Yên, Việt Nam"
    },
    "https://nchmf.gov.vn/kttv/vi-VN/1/nam-dinh-ninh-binh-w34.html": {
        "lat": 19.9952624,
        "lon": 106.485807,
        "display_name": "Tỉnh Nam Định, Tỉnh Ninh Bình, Việt Nam"
    },
    "https://nchmf.gov.vn/kttv/vi-VN/1/phu-ly-ninh-binh-w20.html": {
        "lat": 20.5482133,
        "lon": 105.9148718,
        "display_name": "BIDV, Đường Lê Hoàn, Châu Cầu, Phường Phủ Lý, Tỉnh Ninh Bình, Việt Nam"
    },
    "https://nchmf.gov.vn/kttv/vi-VN/1/hoa-lu-ninh-binh-w17.html": {
        "lat": 20.2516861,
        "lon": 105.970358,
        "display_name": "Agribank, Ngõ 135 Đường Trường Hán Siêu, Nam Thành, Ninh Tiến, Phường Hoa Lư, Tỉnh Ninh Bình, 08212, Việt Nam"
    },
    "https://nchmf.gov.vn/kttv/vi-VN/1/thai-binh-hung-yen-w18.html": {
        "lat": 20.4031348,
        "lon": 106.5941615,
        "display_name": "Tỉnh Thái Bình, Tỉnh Hưng Yên, Việt Nam"
    },
    "https://nchmf.gov.vn/kttv/vi-VN/1/hac-thanh-thanh-hoa-w61.html": {
        "lat": 19.8081066,
        "lon": 105.7763991,
        "display_name": "BIDV, Đường Trần Phú, Điện Biên, Phường Hạc Thành, Tỉnh Thanh Hóa, 45000, Việt Nam"
    },
    "https://nchmf.gov.vn/kttv/vi-VN/1/truong-vinh-nghe-an-w3.html": {
        "lat": 18.6719732,
        "lon": 105.7034895,
        "display_name": "Số 57, Đường, Nguyễn Viết Xuân, Hưng Dũng, Thành phố Vinh, Nghệ An 460000, Vietnam, Nguyễn Viết Xuân, Phường Trường Vinh, Tỉnh Nghệ An, Việt Nam"
    },
    "https://nchmf.gov.vn/kttv/vi-VN/1/thanh-sen-ha-tinh-w4.html": {
        "lat": 18.3414341,
        "lon": 105.8937333,
        "display_name": "Ngân Hàng TMCP Công Thương ViệtNam (Viettin), trần thị hường, Phường Thành Sen, Tỉnh Hà Tĩnh, 45100, Việt Nam"
    },
    "https://nchmf.gov.vn/kttv/vi-VN/1/dong-hoi-quang-tri-w5.html": {
        "lat": 17.4642466,
        "lon": 106.6236497,
        "display_name": "BIDV, Đường Quang Trung, Phường Đồng Hới, Tỉnh Quảng Trị, Việt Nam"
    },
    "https://nchmf.gov.vn/kttv/vi-VN/1/quang-tri-quang-tri-w6.html": {
        "lat": 17.7299542,
        "lon": 106.3854294,
        "display_name": "Đường sắt cao tốc Bắc-Nam (Đoạn Vinh - Nha Trang), Phường Bắc Gianh, Tỉnh Quảng Trị, Việt Nam"
    },
    "https://nchmf.gov.vn/kttv/vi-VN/1/thuan-hoa-tp-hue-w7.html": {
        "lat": 16.4648521,
        "lon": 107.5903011,
        "display_name": "Buu dien hue, Trần Cao Vân, Phú Hội, Huế, Phường Thuận Hóa, Thành phố Huế, 54000, Việt Nam"
    },
    "https://nchmf.gov.vn/kttv/vi-VN/1/hai-chau-tp-da-nang-w55.html": {
        "lat": 16.0702517,
        "lon": 108.2207759,
        "display_name": "mgm technology partners Vietnam Co Ltd, 7, Đường Phan Châu Trinh, Phước Ninh, Phường Hải Châu, Thành phố Đà Nẵng, 50207, Việt Nam"
    },
    "https://nchmf.gov.vn/kttv/vi-VN/1/tam-ky-tp-da-nang-w62.html": {
        "lat": 15.5611143,
        "lon": 108.4848496,
        "display_name": "Văn phòng BQLDA ASIA-VIETNAM, Hồ Xuân Hương, Phường Tam Kỳ, Thành phố Đà Nẵng, Việt Nam"
    },
    "https://nchmf.gov.vn/kttv/vi-VN/1/cam-thanh-quang-ngai-w8.html": {
        "lat": 15.1128694,
        "lon": 108.8112246,
        "display_name": "Phường Cẩm Thành, Tỉnh Quảng Ngãi, Việt Nam"
    },
    "https://nchmf.gov.vn/kttv/vi-VN/1/quy-nhon-gia-lai-w56.html": {
        "lat": 13.7761258,
        "lon": 109.2324984,
        "display_name": "Best Bánh Xeo in Vietnam, Lê Lợi, Khu vực 1, Thị Nại, Quy Nhơn, Phường Quy Nhơn, Tỉnh Gia Lai, 55114, Việt Nam"
    },
    "https://nchmf.gov.vn/kttv/vi-VN/1/tuy-hoa-dak-lak-w59.html": {
        "lat": 13.0752121,
        "lon": 109.2660827,
        "display_name": "Đường sắt cao tốc Bắc - Nam, Đường Chùa Long Thọ, Tuy Hòa, Phường Tuy Hòa, Tỉnh Đắk Lắk, Việt Nam"
    },
    "https://nchmf.gov.vn/kttv/vi-VN/1/nha-trang-khanh-hoa-w9.html": {
        "lat": 12.215797,
        "lon": 109.2045588,
        "display_name": "Học viện Hải quân, Phạm Phú Thứ, Phường Nha Trang, Tỉnh Khánh Hòa, 57131, Việt Nam"
    },
    "https://nchmf.gov.vn/kttv/vi-VN/1/phan-rang-khanh-hoa-w60.html": {
        "lat": 11.6038947,
        "lon": 108.9653204,
        "display_name": "Thành phố Phan Rang – Tháp Chàm, Phường Đô Vinh, Tỉnh Khánh Hòa, Việt Nam"
    },
    "https://nchmf.gov.vn/kttv/vi-VN/1/phan-thiet-lam-dong-w10.html": {
        "lat": 10.927483,
        "lon": 108.1027092,
        "display_name": "Ngân hàng BIDV, Trần Hưng Đạo, Phan Thiết, Phường Phan Thiết, Tỉnh Lâm Đồng, Việt Nam"
    },
    "https://nchmf.gov.vn/kttv/vi-VN/1/kon-tum-quang-ngai-w11.html": {
        "lat": 14.3519584,
        "lon": 108.0066093,
        "display_name": "Agribank, Trần Phú, Quang Trung, Kon Tum, Phường Kon Tum, Tỉnh Quảng Ngãi, Việt Nam"
    },
    "https://nchmf.gov.vn/kttv/vi-VN/1/pleiku-gia-lai-w12.html": {
        "lat": 13.9859765,
        "lon": 108.0073696,
        "display_name": "BIDV, Nguyễn Tất Thành, Pleiku, Phường Pleiku, Tỉnh Gia Lai, 61111, Việt Nam"
    },
    "https://nchmf.gov.vn/kttv/vi-VN/1/buon-ma-thuot-dak-lak-w13.html": {
        "lat": 12.6863388,
        "lon": 108.0533912,
        "display_name": "BIDV, Nguyễn Tất Thành, Tổ dân phố 1, Buôn Ma Thuột, Phường Buôn Ma Thuột, Tỉnh Đắk Lắk, 63119, Việt Nam"
    },
    "https://nchmf.gov.vn/kttv/vi-VN/1/bac-gia-nghia-lam-dong-w39.html": {
        "lat": 11.99351,
        "lon": 107.6404297,
        "display_name": "Cửa xả Bậc Trên, Xã Nhân Cơ, Tỉnh Lâm Đồng, Việt Nam"
    },
    "https://nchmf.gov.vn/kttv/vi-VN/1/xuan-huong-da-lat-lam-dong-w14.html": {
        "lat": 11.9425067,
        "lon": 108.4357665,
        "display_name": "BIDV, Nam Kỳ Khởi Nghĩa, Đồi Petrus Ký, Đà Lạt, Phường Xuân Hương - Đà Lạt, Tỉnh Lâm Đồng, 02633, Việt Nam"
    },
    "https://nchmf.gov.vn/kttv/vi-VN/1/phuoc-long-dong-nai-w30.html": {
        "lat": 10.8188638,
        "lon": 106.9233256,
        "display_name": "KCC Vietnam, Đường Số 9, Khu công nghiệp Long Thành, Ấp 4, Xã An Phước, Tỉnh Đồng Nai, 76009, Việt Nam"
    },
    "https://nchmf.gov.vn/kttv/vi-VN/1/tay-ninh-tay-ninh-w35.html": {
        "lat": 10.6673071,
        "lon": 106.4576608,
        "display_name": "Dung ( phở bò,bún bò huế,bò kho), ĐT. 830, Xã Bến Lức, Tỉnh Tây Ninh, 85000, Việt Nam"
    },
    "https://nchmf.gov.vn/kttv/vi-VN/1/bien-hoa-dong-nai-w32.html": {
        "lat": 10.9222658,
        "lon": 106.8710944,
        "display_name": "Meggitt VN, 7, Đường 16A, Khu công nghiệp Biên Hòa 2, Khu phố Tân Bình, Biên Hòa, Phường Trấn Biên, Tỉnh Đồng Nai, 71000, Việt Nam"
    },
    "https://nchmf.gov.vn/kttv/vi-VN/1/binh-duong-tp-ho-chi-minh-w16.html": {
        "lat": 10.8719228,
        "lon": 106.7482275,
        "display_name": "Mitsubishi Motors Vietnam, Bình Đường 3, Phường Dĩ An, Thành phố Hồ Chí Minh, Việt Nam"
    },
    "https://nchmf.gov.vn/kttv/vi-VN/1/sai-gon-tp-ho-chi-minh-w15.html": {
        "lat": 10.7879719,
        "lon": 106.7049563,
        "display_name": "Bảo tàng Lịch sử Thành phố Hồ Chí Minh, 2, Nguyễn Thị Minh Khai, Khu phố 1, Phường Sài Gòn, Thủ Đức, Thành phố Hồ Chí Minh, 71006, Việt Nam"
    },
    "https://nchmf.gov.vn/kttv/vi-VN/1/vung-tau-tp-ho-chi-minh-w31.html": {
        "lat": 10.3668459,
        "lon": 107.0843152,
        "display_name": "VRB, 147, Nguyễn Thái Học, Trung tâm Thương mại Phường 7, Phường Tam Thắng, Thành phố Hồ Chí Minh, 76666, Việt Nam"
    },
    "https://nchmf.gov.vn/kttv/vi-VN/1/long-an-tay-ninh-w21.html": {
        "lat": 10.5368105,
        "lon": 106.4139538,
        "display_name": "Hội Cựu Chiến Binh Việt Nam, Cách Mạng Tháng Tám, Tân An, Phường Long An, Tỉnh Tây Ninh, Việt Nam"
    },
    "https://nchmf.gov.vn/kttv/vi-VN/1/my-tho-dong-thap-w23.html": {
        "lat": 10.3627685,
        "lon": 106.3590864,
        "display_name": "Thành phố Mỹ Tho, Phường Đạo Thạnh, Tỉnh Đồng Tháp, Việt Nam"
    },
    "https://nchmf.gov.vn/kttv/vi-VN/1/long-chau-vinh-long-w57.html": {
        "lat": 10.2556918,
        "lon": 105.9709318,
        "display_name": "BIDV, Lê Lai, Vĩnh Long, Phường Long Châu, Tỉnh Vĩnh Long, 85100, Việt Nam"
    },
    "https://nchmf.gov.vn/kttv/vi-VN/1/ben-tre-vinh-long-w24.html": {
        "lat": 10.2453604,
        "lon": 106.4105121,
        "display_name": "665D Lo Thay Cai, Ben Tre, Vietnam, Bến Tre, Phường Phú Khương, Tỉnh Vĩnh Long, 86200, Việt Nam"
    },
    "https://nchmf.gov.vn/kttv/vi-VN/1/cao-lanh-dong-thap-w22.html": {
        "lat": 10.4601787,
        "lon": 105.6122905,
        "display_name": "Thành phố Cao Lãnh, Cao Lãnh, Phường Cao Lãnh, Tỉnh Đồng Tháp, Việt Nam"
    },
    "https://nchmf.gov.vn/kttv/vi-VN/1/tra-vinh-vinh-long-w25.html": {
        "lat": 9.5815192,
        "lon": 106.5307116,
        "display_name": "Tỉnh Trà Vinh, Tỉnh Vĩnh Long, Việt Nam"
    },
    "https://nchmf.gov.vn/kttv/vi-VN/1/long-xuyen-an-giang-w58.html": {
        "lat": 10.3931141,
        "lon": 105.4161709,
        "display_name": "Công viên Bình Khánh, Long Xuyên - An Giang, Phường Bình Đức, Tỉnh An Giang, Việt Nam"
    },
    "https://nchmf.gov.vn/kttv/vi-VN/1/ninh-kieu-tp-can-tho-w26.html": {
        "lat": 10.0319476,
        "lon": 105.786423,
        "display_name": "Agribank, Nam Kỳ Khởi Nghĩa, Ninh Kiều, Phường Ninh Kiều, Thành phố Cần Thơ, 94111, Việt Nam"
    },
    "https://nchmf.gov.vn/kttv/vi-VN/1/soc-trang-tp-can-tho-w27.html": {
        "lat": 9.6100405,
        "lon": 105.9842662,
        "display_name": "Thành phố Sóc Trăng, Thành phố Cần Thơ, 96113, Việt Nam"
    },
    "https://nchmf.gov.vn/kttv/vi-VN/1/rach-gia-an-giang-w41.html": {
        "lat": 10.0107104,
        "lon": 105.0832623,
        "display_name": "Rạch Giá, Phường Rạch Giá, Tỉnh An Giang, Việt Nam"
    },
    "https://nchmf.gov.vn/kttv/vi-VN/1/bac-lieu-ca-mau-w29.html": {
        "lat": 8.8961366,
        "lon": 105.6969598,
        "display_name": "Tỉnh Bạc Liêu, Tỉnh Cà Mau, 97000, Việt Nam"
    },
    "https://nchmf.gov.vn/kttv/vi-VN/1/tan-thanh-ca-mau-w42.html": {
        "lat": 9.1943209,
        "lon": 105.2130823,
        "display_name": "Phường Tân Thành, Tỉnh Cà Mau, Việt Nam"
    }
}